Column_0,Column_1,Column_2,Column_3,Column_4,Column_5,Column_6,Column_7
,,,,,,,
,EDD,,Sumnary by Recalvad Date,,09/25*2016,,
,,,,,,,
,ol #Beh Mtonth;,,Ficttpair,,,,OytpnId tht {elle4L9 #orung
,,,,,,,
,Compam,,,,,,HoOL
,,,,,,,
,07012015,,,,,,Closure Permanent
,,,,,,,
,002020165,,,,,,Monterex
,,,,,,,
,Medkal,,Cuntbr,,,,Bead
,,,,,,,
,Leldos,,,,,,Begundo
,,,,,,,
,Bosch Healthcare Systems Inc,,,,,Pap,Closure Permanent
,,,,,,,
,9101/20,,,,,,Pemanent
,,,,,,,
,,,,,,,
,Aphatec Spine,,,,,,Cansbad
,,,,,,,
,7062015,,,,,,Mew
,,,,,,,
,LG,,,,,,Sanla Mara
,,,,,,,
,KLA Telcor Comporlon,,,,,,Mipltas
,,,,,,,
,Soumhem Calllomla Edlson Company,,,,,,San Clemente
,,,,,,,
,stte flsh Compan Inc,,,,,,Wumngton
,,,,,,,
,j0bzot,,,,,,Unknow
,,,,,,,
,Brldnapolnt Educallon,,,,,,parmznent
,,,,,,,
,,,,,,,
,dldgepolnt Educallon,,,,,,Dlego
,,,,,,,
,BAE Sxstems,,,,,,Mpor
,,,,,,,
,Ae Sxsems,,,,,,omporan
,,,,,,,
,ax BradLLC dbaBakerLos Angeles,,,,,,Farnang
,,,,,,,
,Bay BreadLLC dba New Ftench Bakert,,,,,,Soulh San
,,,,,,,
,Comtam,,,,,,Yoicparmznent
,,,,,,,
,Mcosolt coponuon,,,,,S20,Permanent
,,,,,,,
,Healthcar Suppont Semces,,,,,,Closurg Pemmanent
,,,,,,,
,InlegmtedProduct,,,,,,Parmanen_
,,,,,,,
,tocoitar_Ing,,,,,,Uinkno-
,,,,,,,
,"ProCoutler,Inc",,,,,,Hhls
,,,,,,,
,TOEG,,,,,,Unknottn
,,,,,,,
,Auamid Aianouse,,,,,,partnanbr
,,,,,,,
,ZrmanaFund Insurnce Company,,,,,,parmanen
,,,,,,,
,Flrst Tonsm,,,,,,San Bomadino
,,,,,,,
,TNnsm,,,,,,Yoicparmznen
,,,,,,,
,Mal,,,,,,osurg Permanent
,,,,,,,
,MalnLLC,,,,,,Chlco
,,,,,,,
,Companv,,,,,,Cansbao
,,,,,,,
,Tailomiz foison,Company,,,,,Rosamead
,,,,,,,
,072042015,,,,,,Coronz
,,,,,,,
,32015,,,,,,Montero
